<?xml version="1.0" encoding="UTF-8"?>
<project-private xmlns="http://www.netbeans.org/ns/project-private/1">
    <editor-bookmarks xmlns="http://www.netbeans.org/ns/editor-bookmarks/2" lastBookmarkId="0"/>
    <open-files xmlns="http://www.netbeans.org/ns/projectui-open-files/2">
        <group>
            <file>file:/C:/Users/ivans/Desktop/Repositorios/POO/proVeterinaria_IVAN_SIERRA_ARRIETA_0222420035/src/logica/Animal.java</file>
            <file>file:/C:/Users/ivans/Desktop/Repositorios/POO/proVeterinaria_IVAN_SIERRA_ARRIETA_0222420035/src/logica/Ave.java</file>
            <file>file:/C:/Users/ivans/Desktop/Repositorios/POO/proVeterinaria_IVAN_SIERRA_ARRIETA_0222420035/src/logica/Gato.java</file>
            <file>file:/C:/Users/ivans/Desktop/Repositorios/POO/proVeterinaria_IVAN_SIERRA_ARRIETA_0222420035/src/logica/Perro.java</file>
            <file>file:/C:/Users/ivans/Desktop/Repositorios/POO/proVeterinaria_IVAN_SIERRA_ARRIETA_0222420035/src/vista/Veterinaria.java</file>
            <file>file:/C:/Users/ivans/Desktop/Repositorios/POO/proVeterinaria_IVAN_SIERRA_ARRIETA_0222420035/src/logica/Veterinaria.java</file>
        </group>
    </open-files>
</project-private>
